id,first_name,last_name,email,gender,ip_address
1,Zarah,O'Flaherty,zoflaherty0@cargocollective.com,Female,208.120.15.146
2,Zorine,Speenden,zspeenden1@zdnet.com,Female,160.150.204.221
3,Vivyan,Le Lievre,vlelievre2@privacy.gov.au,Female,36.114.5.84
4,Leodora,Daveren,ldaveren3@umn.edu,Female,119.70.93.0
5,Zachary,Gleave,zgleave4@kickstarter.com,Male,233.61.51.178
6,Cobby,Yellowlea,cyellowlea5@wunderground.com,Male,155.124.102.72
7,Chloris,Cornforth,ccornforth6@google.com.hk,Female,174.43.167.85
8,Rutter,Duplan,rduplan7@cbsnews.com,Agender,225.250.40.1
9,Estella,Blazevic,eblazevic8@vistaprint.com,Agender,142.149.230.197
10,Xavier,Prigmore,xprigmore9@stumbleupon.com,Polygender,28.83.200.233
11,Chickie,Willan,cwillana@wikispaces.com,Female,67.114.82.144
12,Josefina,Simonard,jsimonardb@ezinearticles.com,Female,43.168.42.185
13,Doralia,Jayes,djayesc@liveinternet.ru,Non-binary,198.160.168.121
14,Matthus,Chipman,mchipmand@tuttocitta.it,Male,46.218.160.227
15,Locke,Novkovic,lnovkovice@acquirethisname.com,Polygender,95.156.155.123
16,Filip,Handforth,fhandforthf@twitter.com,Male,152.205.215.182
17,Zonda,Hulstrom,zhulstromg@shutterfly.com,Female,118.151.250.32
18,Ricki,Threadgall,rthreadgallh@sourceforge.net,Male,23.221.86.136
19,Julio,Davidescu,jdavidescui@blinklist.com,Male,102.212.140.84
20,Mariette,Have,mhavej@mlb.com,Female,6.241.163.122
21,Lani,Serle,lserlek@joomla.org,Female,235.208.96.62
22,Toiboid,Ordish,tordishl@amazonaws.com,Male,166.97.208.167
23,Tull,Iggalden,tiggaldenm@google.co.uk,Male,179.241.188.35
24,Sharona,Wildes,swildesn@smugmug.com,Female,174.19.15.77
25,Stacee,Boam,sboamo@g.co,Male,67.51.20.93
26,Cosmo,Goldie,cgoldiep@gravatar.com,Male,83.132.209.109
27,Rosabel,Doniso,rdonisoq@eventbrite.com,Female,201.175.240.165
28,Philip,Rosenthaler,prosenthalerr@princeton.edu,Genderqueer,203.236.8.116
29,Waly,Gannicleff,wgannicleffs@addtoany.com,Genderfluid,198.118.90.54
30,Myra,Soanes,msoanest@latimes.com,Female,237.186.164.17
31,Philbert,Bubbear,pbubbearu@businesswire.com,Bigender,122.61.183.235
32,Shel,Dicks,sdicksv@printfriendly.com,Non-binary,26.107.249.35
33,Valle,Elves,velvesw@t.co,Bigender,247.164.124.214
34,Auguste,Matlock,amatlockx@squidoo.com,Female,115.207.207.186
35,Freddy,Kettow,fkettowy@sourceforge.net,Male,221.25.116.80
36,Ripley,Halford,rhalfordz@bigcartel.com,Male,215.147.105.20
37,Annaliese,Treacher,atreacher10@shutterfly.com,Agender,201.237.127.140
38,Roby,Drains,rdrains11@netlog.com,Female,212.143.74.61
39,Sloan,McOwen,smcowen12@pen.io,Male,50.233.159.108
40,Camille,Wanless,cwanless13@nhs.uk,Female,45.156.113.223
41,Germaine,Kroger,gkroger14@wikimedia.org,Male,66.3.84.246
42,Barbie,Hovert,bhovert15@bloglovin.com,Female,163.4.242.106
43,Dulcinea,Kirrens,dkirrens16@wired.com,Non-binary,207.96.199.94
44,Lark,Herley,lherley17@soup.io,Female,29.51.72.92
45,Olivier,Spearett,ospearett18@tmall.com,Agender,70.37.241.231
46,Maryrose,Warkup,mwarkup19@netlog.com,Female,67.134.207.77
47,Alvinia,Mandrier,amandrier1a@storify.com,Female,180.243.43.102
48,Aguie,Bradlaugh,abradlaugh1b@spotify.com,Male,79.191.92.189
49,Muriel,Camilli,mcamilli1c@symantec.com,Female,138.252.104.179
50,Aubree,Fishenden,afishenden1d@ucoz.ru,Genderfluid,67.173.94.66
51,Kevina,Corser,kcorser1e@stumbleupon.com,Female,207.219.43.210
52,Blayne,Guidera,bguidera1f@accuweather.com,Male,114.29.254.109
53,Cassy,Petrovykh,cpetrovykh1g@jigsy.com,Female,197.174.32.52
54,Hussein,Alenov,halenov1h@about.com,Male,115.211.122.188
55,Uriah,Craddock,ucraddock1i@si.edu,Male,224.99.3.174
56,Caryn,Baglan,cbaglan1j@japanpost.jp,Female,126.184.25.42
57,Tabbitha,Preece,tpreece1k@feedburner.com,Genderfluid,44.212.19.223
58,Cherise,Rentalll,crentalll1l@gov.uk,Female,95.122.243.117
59,Trumaine,Boerderman,tboerderman1m@gravatar.com,Male,239.188.41.78
60,Millard,Traske,mtraske1n@goo.gl,Male,19.249.132.68
61,Clea,Lemary,clemary1o@stanford.edu,Female,250.64.23.207
62,Darren,Kingman,dkingman1p@ft.com,Genderfluid,200.65.231.35
63,Durand,Stubbs,dstubbs1q@ask.com,Male,110.167.91.182
64,Saunders,Tante,stante1r@yellowbook.com,Male,168.21.111.117
65,Dannel,Ginty,dginty1s@reverbnation.com,Male,27.176.191.69
66,Nellie,Sprowle,nsprowle1t@tripod.com,Female,144.23.96.112
67,Rufus,Glowacz,rglowacz1u@plala.or.jp,Polygender,185.108.109.182
68,Guenevere,Salway,gsalway1v@furl.net,Female,44.74.118.79
69,Sande,Slinn,sslinn1w@ihg.com,Female,220.190.25.70
70,Gussy,Avramow,gavramow1x@godaddy.com,Female,120.136.69.99
71,Irvine,Arnoud,iarnoud1y@uiuc.edu,Male,158.174.241.76
72,Roger,Philipsen,rphilipsen1z@walmart.com,Male,232.214.200.138
73,Ambrosio,Ragborne,aragborne20@sina.com.cn,Male,50.136.201.66
74,Claudetta,Muckle,cmuckle21@indiatimes.com,Female,154.96.80.72
75,Gelya,Jurgenson,gjurgenson22@ow.ly,Female,247.11.65.208
76,Mace,Hillum,mhillum23@lycos.com,Male,27.232.40.50
77,Tamar,Jantet,tjantet24@hubpages.com,Female,87.215.12.70
78,Sadie,Eger,seger25@cyberchimps.com,Female,20.136.226.71
79,Nev,Harback,nharback26@uol.com.br,Male,49.17.10.194
80,Sinclair,Birkett,sbirkett27@cafepress.com,Genderfluid,77.1.93.60
81,Tommy,Frankcomb,tfrankcomb28@opensource.org,Female,210.160.138.120
82,Mahmud,Trelevan,mtrelevan29@theguardian.com,Male,156.193.20.237
83,Riley,Drakes,rdrakes2a@soup.io,Male,8.16.247.129
84,Archambault,Baudou,abaudou2b@europa.eu,Male,131.53.196.153
85,Cosimo,Zorro,czorro2c@webmd.com,Male,91.170.83.252
86,Otis,Damrel,odamrel2d@tmall.com,Male,191.35.155.32
87,Louie,Illesley,lillesley2e@loc.gov,Male,122.8.113.223
88,Jessee,Cluatt,jcluatt2f@army.mil,Male,95.116.152.55
89,Riordan,Lathbury,rlathbury2g@biglobe.ne.jp,Male,18.188.235.93
90,Chlo,Ruggs,cruggs2h@chron.com,Female,213.51.218.20
91,Violante,Sergeaunt,vsergeaunt2i@histats.com,Female,55.3.224.200
92,Raffarty,Crowche,rcrowche2j@bloglines.com,Male,193.147.118.124
93,Tanya,Satterley,tsatterley2k@reuters.com,Genderqueer,19.189.189.114
94,Reynolds,Louiset,rlouiset2l@vk.com,Male,172.236.77.153
95,Humberto,Yurshev,hyurshev2m@sun.com,Male,255.147.237.150
96,Urson,Hamnett,uhamnett2n@linkedin.com,Male,221.199.221.185
97,Iorgo,Fishenden,ifishenden2o@businessweek.com,Male,63.173.87.70
98,Nelli,Drescher,ndrescher2p@mtv.com,Female,109.46.167.89
99,Gaby,Alvarado,galvarado2q@cam.ac.uk,Female,87.213.7.62
100,Sullivan,Sowood,ssowood2r@macromedia.com,Male,17.255.226.143
101,Lancelot,Millea,lmillea2s@hp.com,Male,69.220.95.224
102,Cullin,Andriveaux,candriveaux2t@unc.edu,Male,197.249.107.222
103,Minetta,Arntzen,marntzen2u@4shared.com,Female,246.66.124.165
104,Ilaire,Tomkies,itomkies2v@usa.gov,Male,222.230.224.101
105,Leontine,Skepper,lskepper2w@yelp.com,Female,39.161.235.174
106,Maybelle,Powter,mpowter2x@cbsnews.com,Female,88.111.4.21
107,Aleksandr,Savage,asavage2y@ask.com,Male,223.88.130.196
108,Jackie,Thickpenny,jthickpenny2z@google.co.jp,Male,104.111.228.64
109,Adolphe,Symones,asymones30@scientificamerican.com,Male,116.102.115.225
110,Nita,Delucia,ndelucia31@about.me,Non-binary,62.88.114.134
111,Gilbert,Garey,ggarey32@pagesperso-orange.fr,Male,66.69.182.44
112,Randee,Matchett,rmatchett33@un.org,Female,6.15.49.93
113,Jane,Wherrett,jwherrett34@facebook.com,Female,80.198.234.173
114,Sunshine,Malcher,smalcher35@ameblo.jp,Polygender,82.170.231.217
115,Batholomew,Hearson,bhearson36@exblog.jp,Male,189.66.246.41
116,Cindelyn,Rigolle,crigolle37@networksolutions.com,Female,39.115.55.226
117,Nevil,Pawelec,npawelec38@people.com.cn,Male,155.176.81.48
118,Kelsey,Hencke,khencke39@jugem.jp,Male,249.7.178.28
119,Gerik,McCrystal,gmccrystal3a@buzzfeed.com,Male,150.246.166.65
120,Althea,Stemson,astemson3b@ca.gov,Genderqueer,248.214.247.250
121,Baird,Tweed,btweed3c@hubpages.com,Male,172.68.14.113
122,Yettie,Mitchall,ymitchall3d@geocities.com,Female,115.224.39.14
123,Ingrid,Whitsey,iwhitsey3e@msn.com,Female,242.179.52.223
124,Ahmad,Domonkos,adomonkos3f@delicious.com,Male,233.229.230.28
125,Max,Hasselby,mhasselby3g@i2i.jp,Male,198.242.222.49
126,Laureen,Klaesson,lklaesson3h@elegantthemes.com,Female,233.17.195.141
127,Cherie,Tetley,ctetley3i@taobao.com,Female,201.112.200.169
128,Kamila,Gosselin,kgosselin3j@washingtonpost.com,Female,168.243.140.19
129,Zollie,Everall,zeverall3k@typepad.com,Male,209.199.255.81
130,Arabelle,Philippon,aphilippon3l@dyndns.org,Female,2.201.51.242
131,Sofie,Vokins,svokins3m@amazon.com,Female,59.65.69.18
132,Dolli,Bleything,dbleything3n@dmoz.org,Female,199.156.79.65
133,Maurizio,Haggie,mhaggie3o@lycos.com,Genderqueer,210.206.130.20
134,Gian,Shier,gshier3p@trellian.com,Male,95.51.6.130
135,Emalee,Callacher,ecallacher3q@weibo.com,Female,241.32.243.112
136,Blondell,Camp,bcamp3r@printfriendly.com,Female,36.174.109.241
137,Coop,Bazire,cbazire3s@google.it,Male,205.252.42.148
138,Arliene,Alleway,aalleway3t@newsvine.com,Female,70.179.182.122
139,Harry,Odby,hodby3u@booking.com,Male,244.81.227.56
140,Cobbie,Scane,cscane3v@webeden.co.uk,Male,250.127.245.111
141,Nathaniel,Emor,nemor3w@tripadvisor.com,Male,113.166.174.32
142,Noella,Bollands,nbollands3x@sakura.ne.jp,Bigender,34.51.244.84
143,Roosevelt,Griffith,rgriffith3y@slashdot.org,Male,68.204.135.246
144,Abba,Facer,afacer3z@cmu.edu,Male,183.185.228.172
145,Adriana,Axston,aaxston40@google.com.hk,Female,197.32.202.104
146,Riva,Crumpton,rcrumpton41@icio.us,Female,232.68.83.254
147,Suzann,Arrell,sarrell42@sogou.com,Female,141.92.29.146
148,Amelia,Lodden,alodden43@whitehouse.gov,Female,91.204.65.175
149,Hagen,Roscow,hroscow44@rambler.ru,Agender,135.167.231.235
150,Brittney,Canet,bcanet45@tuttocitta.it,Female,216.219.31.4
151,Nerita,Eyckelbeck,neyckelbeck46@typepad.com,Female,0.128.94.100
152,Pandora,Gibke,pgibke47@princeton.edu,Female,232.171.187.175
153,Janina,Bocking,jbocking48@miibeian.gov.cn,Female,130.124.189.161
154,Ody,MacKowle,omackowle49@constantcontact.com,Male,89.99.154.235
155,Berny,Barwise,bbarwise4a@a8.net,Male,168.148.80.169
156,Nolie,Matousek,nmatousek4b@dmoz.org,Female,147.3.112.182
157,Etienne,Allden,eallden4c@stumbleupon.com,Male,119.210.155.152
158,Kelly,McDuff,kmcduff4d@eepurl.com,Male,69.165.12.198
159,Miltie,Crossley,mcrossley4e@theglobeandmail.com,Male,148.77.32.0
160,Tully,Rau,trau4f@macromedia.com,Male,5.68.224.21
161,Von,Heine,vheine4g@twitpic.com,Male,221.1.91.135
162,Harvey,Lowdiane,hlowdiane4h@cnbc.com,Male,89.197.239.95
163,Myca,Comins,mcomins4i@woothemes.com,Male,108.67.65.186
164,Vonny,Huntley,vhuntley4j@youtube.com,Genderfluid,126.75.28.179
165,Juliana,Sate,jsate4k@huffingtonpost.com,Female,130.142.21.72
166,Silva,Houltham,shoultham4l@theglobeandmail.com,Female,156.152.78.164
167,Cecilla,Camlin,ccamlin4m@netlog.com,Female,97.127.87.224
168,Samuele,Doneld,sdoneld4n@umn.edu,Male,77.58.137.16
169,Leonanie,Wadworth,lwadworth4o@ox.ac.uk,Female,185.22.160.12
170,Bancroft,Kirkpatrick,bkirkpatrick4p@upenn.edu,Male,9.63.177.98
171,Lina,Garralts,lgarralts4q@forbes.com,Female,105.56.149.213
172,Kristoforo,Keggin,kkeggin4r@shareasale.com,Male,9.43.245.235
173,Eada,Pimm,epimm4s@etsy.com,Female,5.57.75.244
174,Bertina,Langmaid,blangmaid4t@issuu.com,Female,152.192.230.21
175,Tova,Eyree,teyree4u@desdev.cn,Bigender,241.41.164.203
176,Gwynne,Slora,gslora4v@cdbaby.com,Female,112.50.95.55
177,Waneta,Letchford,wletchford4w@symantec.com,Female,135.109.93.243
178,Christy,Harraway,charraway4x@imageshack.us,Female,43.245.26.202
179,Rad,Gretton,rgretton4y@51.la,Male,40.109.176.216
180,Orlando,Follows,ofollows4z@imageshack.us,Male,113.158.240.118
181,Camilla,Jallin,cjallin50@taobao.com,Genderqueer,244.114.185.126
182,Cortney,Pionter,cpionter51@vistaprint.com,Female,34.254.141.174
183,Rodge,Capron,rcapron52@icio.us,Male,26.61.8.182
184,Aeriela,Wyss,awyss53@cpanel.net,Female,246.160.244.45
185,Josee,Fenner,jfenner54@discovery.com,Female,152.119.244.127
186,Zsa zsa,Foldes,zfoldes55@gizmodo.com,Female,17.51.94.13
187,Mariya,Krimmer,mkrimmer56@mit.edu,Female,94.104.168.29
188,Lynn,Boylan,lboylan57@bravesites.com,Male,150.126.109.122
189,Hadley,Chaloner,hchaloner58@virginia.edu,Male,211.14.135.167
190,Sorcha,Mussalli,smussalli59@go.com,Female,200.126.164.79
191,Noemi,Barhams,nbarhams5a@baidu.com,Non-binary,217.157.18.95
192,Melisent,Reightley,mreightley5b@sina.com.cn,Female,43.210.116.247
193,Allissa,Skinley,askinley5c@boston.com,Female,117.142.139.190
194,Englebert,Kastel,ekastel5d@blogs.com,Male,130.120.114.184
195,Nadya,Betchley,nbetchley5e@naver.com,Female,22.23.10.133
196,Gabey,Nerval,gnerval5f@nydailynews.com,Genderqueer,70.205.77.104
197,Archaimbaud,Dangl,adangl5g@buzzfeed.com,Genderqueer,128.233.47.170
198,Maurise,Klampk,mklampk5h@tripadvisor.com,Male,73.197.139.148
199,Charlene,Troop,ctroop5i@auda.org.au,Female,21.181.158.207
200,Mel,Milsted,mmilsted5j@nature.com,Bigender,37.203.155.118
201,Marve,Kemer,mkemer5k@rakuten.co.jp,Male,190.150.141.33
202,Ciro,Hazeup,chazeup5l@earthlink.net,Male,58.245.244.93
203,Georgena,Williamson,gwilliamson5m@mozilla.com,Female,1.115.47.33
204,Shayne,Mostin,smostin5n@mlb.com,Male,11.165.112.179
205,Giulia,Habard,ghabard5o@wufoo.com,Female,97.14.158.132
206,Dill,Beamond,dbeamond5p@bbc.co.uk,Male,36.6.87.80
207,Mattias,Stormouth,mstormouth5q@topsy.com,Male,232.13.189.14
208,Anastasie,Savage,asavage5r@yelp.com,Female,175.227.120.144
209,Hagan,Bevan,hbevan5s@bigcartel.com,Male,30.104.249.50
210,Abbey,Giorgielli,agiorgielli5t@plala.or.jp,Male,136.40.55.31
211,Kala,Denys,kdenys5u@sohu.com,Female,33.120.105.14
212,Ringo,Guard,rguard5v@umn.edu,Male,22.145.228.111
213,Oralia,Goldster,ogoldster5w@rambler.ru,Female,0.165.17.87
214,Therine,Richardes,trichardes5x@cpanel.net,Female,112.48.226.47
215,Yolande,Gullefant,ygullefant5y@freewebs.com,Female,77.176.253.224
216,Trey,Maultby,tmaultby5z@xing.com,Male,200.17.125.164
217,Erda,Ilchenko,eilchenko60@house.gov,Female,29.173.249.62
218,Delmore,McKimmey,dmckimmey61@goodreads.com,Male,64.250.1.173
219,Earlie,Longfield,elongfield62@liveinternet.ru,Male,77.46.98.178
220,Sayres,Janning,sjanning63@symantec.com,Male,255.147.30.90
221,Hayes,Pinchon,hpinchon64@hud.gov,Male,8.3.200.3
222,Yevette,Mantram,ymantram65@cocolog-nifty.com,Non-binary,133.234.227.31
223,Bobby,Binion,bbinion66@flavors.me,Male,201.190.82.70
224,Haley,Clayill,hclayill67@ftc.gov,Male,58.9.18.218
225,Rosalind,Artz,rartz68@prnewswire.com,Bigender,243.83.92.13
226,Sergei,Geistmann,sgeistmann69@skyrock.com,Male,216.211.130.218
227,Caprice,Lambe,clambe6a@dailymail.co.uk,Bigender,139.254.196.49
228,Laney,Nicholes,lnicholes6b@mashable.com,Male,169.107.139.170
229,Yolande,Rozycki,yrozycki6c@zimbio.com,Female,218.147.85.209
230,Denis,Ales,dales6d@disqus.com,Male,88.46.2.96
231,Shelley,Batram,sbatram6e@redcross.org,Male,115.172.55.207
232,Timoteo,Coughtrey,tcoughtrey6f@diigo.com,Male,13.153.176.122
233,Wallis,Coghlan,wcoghlan6g@tinypic.com,Female,252.230.69.85
234,Michale,Whicher,mwhicher6h@irs.gov,Male,147.35.25.243
235,Susannah,Fountain,sfountain6i@chron.com,Female,13.242.100.120
236,Charlean,Casely,ccasely6j@mashable.com,Agender,213.17.128.150
237,Andeee,Nisard,anisard6k@360.cn,Female,133.115.215.248
238,Babara,Scohier,bscohier6l@comsenz.com,Female,164.161.150.57
239,Leslie,Forsaith,lforsaith6m@dmoz.org,Male,169.206.126.65
240,Prince,Norgan,pnorgan6n@arstechnica.com,Male,77.197.206.238
241,Nicolas,Meece,nmeece6o@naver.com,Male,134.63.164.23
242,Elinor,Arias,earias6p@geocities.com,Female,84.62.109.250
243,Basil,Stegers,bstegers6q@nationalgeographic.com,Male,19.145.130.230
244,Lisette,Merwe,lmerwe6r@marketwatch.com,Female,146.180.204.69
245,Nissie,Tupman,ntupman6s@de.vu,Female,113.77.147.51
246,Georgie,Tarply,gtarply6t@ovh.net,Male,8.253.0.84
247,Ulrikaumeko,Alloway,ualloway6u@aol.com,Female,48.147.233.128
248,Hazlett,Pinkerton,hpinkerton6v@wordpress.com,Male,184.42.189.252
249,Padriac,Plumley,pplumley6w@goo.ne.jp,Male,36.228.53.223
250,Gerik,Rubinsztein,grubinsztein6x@bizjournals.com,Male,216.164.37.248
251,Irina,Gilhooly,igilhooly6y@slate.com,Bigender,51.250.175.37
252,Emmalynn,Crowter,ecrowter6z@microsoft.com,Female,167.80.168.41
253,Ivonne,Harler,iharler70@creativecommons.org,Female,24.83.131.131
254,Kristofer,Oxtarby,koxtarby71@lycos.com,Male,83.47.17.13
255,Allin,Jerram,ajerram72@va.gov,Agender,0.253.72.18
256,Delphine,Ysson,dysson73@indiegogo.com,Female,191.111.202.59
257,Reeva,Kennard,rkennard74@walmart.com,Female,199.243.234.35
258,Waylen,Sandon,wsandon75@ed.gov,Polygender,48.173.172.81
259,Jdavie,Seawright,jseawright76@woothemes.com,Male,208.30.150.59
260,Athena,Anscott,aanscott77@feedburner.com,Female,83.136.56.66
261,Cointon,Clell,cclell78@nydailynews.com,Male,46.33.122.56
262,Lainey,Genese,lgenese79@multiply.com,Female,159.193.253.228
263,Lorena,Brewerton,lbrewerton7a@surveymonkey.com,Female,95.7.143.118
264,Jarrid,Meeus,jmeeus7b@themeforest.net,Male,131.87.208.79
265,Luis,Feldmus,lfeldmus7c@nature.com,Male,105.155.47.42
266,Angele,Challice,achallice7d@hostgator.com,Female,111.10.134.237
267,Clarinda,Bradock,cbradock7e@dropbox.com,Female,150.3.69.101
268,Herrick,McKeating,hmckeating7f@devhub.com,Agender,51.82.164.115
269,Alfi,Hullins,ahullins7g@imageshack.us,Female,249.120.23.216
270,Alvan,Skarr,askarr7h@earthlink.net,Male,36.31.236.217
271,Gran,Kuna,gkuna7i@gravatar.com,Male,103.42.252.142
272,Celestina,Maestro,cmaestro7j@weather.com,Female,206.232.43.195
273,Joyann,Brendeke,jbrendeke7k@shutterfly.com,Female,231.255.28.67
274,Daron,McIllroy,dmcillroy7l@salon.com,Female,185.107.104.181
275,Dene,Bland,dbland7m@nyu.edu,Male,80.211.48.122
276,Ailyn,Churchley,achurchley7n@mapquest.com,Female,135.155.147.221
277,Almeria,Gibby,agibby7o@myspace.com,Female,171.163.154.212
278,Ray,Curme,rcurme7p@ucla.edu,Female,147.238.133.156
279,Tobye,Butler-Bowdon,tbutlerbowdon7q@tuttocitta.it,Female,223.184.114.72
280,Melita,Kemer,mkemer7r@reverbnation.com,Female,112.49.219.105
281,Sileas,Valente,svalente7s@cdbaby.com,Female,57.98.129.39
282,Bibi,Cackett,bcackett7t@indiatimes.com,Female,92.73.132.72
283,Hadley,Jindrak,hjindrak7u@example.com,Male,125.78.21.3
284,Willdon,Richter,wrichter7v@vistaprint.com,Male,23.143.66.236
285,Horatio,Sturmey,hsturmey7w@berkeley.edu,Male,19.196.116.210
286,Felecia,Waddell,fwaddell7x@boston.com,Female,248.52.45.242
287,Giustina,Patten,gpatten7y@cpanel.net,Female,239.216.215.224
288,Kimberley,O'Caine,kocaine7z@independent.co.uk,Genderqueer,241.205.155.157
289,Norrie,Musk,nmusk80@webnode.com,Female,46.116.238.126
290,Ricki,Lackinton,rlackinton81@is.gd,Male,98.221.50.100
291,Fanechka,Giblin,fgiblin82@webnode.com,Female,83.170.137.227
292,Catarina,Malshinger,cmalshinger83@mit.edu,Female,196.247.237.178
293,Sisely,Lilliman,slilliman84@examiner.com,Female,157.52.122.254
294,Lira,Garoghan,lgaroghan85@cocolog-nifty.com,Female,53.56.111.175
295,Ashely,Sarfass,asarfass86@barnesandnoble.com,Female,235.123.229.245
296,Beaufort,Keeltagh,bkeeltagh87@sitemeter.com,Male,152.165.233.201
297,Clim,Golder,cgolder88@360.cn,Male,250.33.71.130
298,Dermot,Mistry,dmistry89@nyu.edu,Male,193.176.135.4
299,Ninette,Renachowski,nrenachowski8a@histats.com,Female,43.63.103.21
300,Kristen,Whitesel,kwhitesel8b@globo.com,Female,220.247.157.23
301,Dario,Gumley,dgumley8c@networkadvertising.org,Male,130.83.22.8
302,Aretha,MacCleod,amaccleod8d@ebay.com,Female,212.122.1.11
303,Neila,Keyden,nkeyden8e@japanpost.jp,Female,163.56.228.239
304,Andy,Whistlecroft,awhistlecroft8f@amazon.de,Male,17.18.81.104
305,Ephrayim,Worman,eworman8g@salon.com,Male,84.5.89.21
306,Garland,MacArdle,gmacardle8h@ezinearticles.com,Female,5.131.93.157
307,Lanie,Lawleff,llawleff8i@marriott.com,Male,252.26.34.71
308,Otho,Jiggen,ojiggen8j@dailymail.co.uk,Agender,213.20.75.253
309,Keen,Schenfisch,kschenfisch8k@so-net.ne.jp,Male,38.237.178.151
310,Janella,Steinson,jsteinson8l@topsy.com,Female,140.34.90.108
311,Salomi,Fawley,sfawley8m@omniture.com,Non-binary,124.213.146.73
312,Allegra,Greedyer,agreedyer8n@yellowbook.com,Genderqueer,254.225.72.151
313,Chauncey,Chimes,cchimes8o@mapquest.com,Male,223.6.252.3
314,Aurelea,Yoslowitz,ayoslowitz8p@de.vu,Female,16.212.29.156
315,Amby,Passby,apassby8q@archive.org,Male,181.233.217.143
316,Janeva,Barthrup,jbarthrup8r@yelp.com,Female,202.158.182.10
317,Jaquelyn,Gregoretti,jgregoretti8s@epa.gov,Polygender,235.113.15.236
318,Alyce,Bottlestone,abottlestone8t@answers.com,Genderfluid,166.227.70.208
319,Cecilius,Duce,cduce8u@forbes.com,Male,134.42.128.207
320,Kalil,Costigan,kcostigan8v@ucoz.ru,Male,105.0.23.169
321,Cyril,Whittingham,cwhittingham8w@homestead.com,Male,240.243.205.185
322,Melina,Marns,mmarns8x@dedecms.com,Female,136.195.178.76
323,Timmy,Franciskiewicz,tfranciskiewicz8y@github.io,Male,100.54.69.0
324,Murry,Danes,mdanes8z@networksolutions.com,Male,27.152.197.66
325,Brand,Grove,bgrove90@msn.com,Male,208.40.26.60
326,Jacquelynn,Brennenstuhl,jbrennenstuhl91@squarespace.com,Female,228.140.42.2
327,Clara,Lambin,clambin92@facebook.com,Female,19.70.223.47
328,Garrik,O'Curneen,gocurneen93@wordpress.org,Male,219.222.193.187
329,Lisabeth,Enser,lenser94@mashable.com,Female,153.158.40.250
330,Leese,Gotter,lgotter95@businessweek.com,Female,49.194.243.40
331,Lanie,Tudge,ltudge96@so-net.ne.jp,Female,187.106.214.87
332,Almeta,Jahncke,ajahncke97@google.ru,Female,235.21.15.132
333,Phaidra,Easthope,peasthope98@exblog.jp,Female,146.105.121.172
334,Rolph,Gallie,rgallie99@ihg.com,Agender,255.102.52.80
335,Morgun,Vasile,mvasile9a@webs.com,Male,181.77.246.2
336,Harmon,Grishukhin,hgrishukhin9b@webmd.com,Male,138.173.121.249
337,Fedora,Pembery,fpembery9c@go.com,Female,60.29.185.88
338,Kittie,Merring,kmerring9d@cmu.edu,Female,111.30.228.67
339,Gilles,Treher,gtreher9e@yahoo.com,Male,59.68.62.208
340,Heidi,Van den Velde,hvandenvelde9f@blogtalkradio.com,Female,187.70.89.54
341,Rosemary,Crilly,rcrilly9g@cocolog-nifty.com,Female,244.55.171.116
342,Logan,Guillerman,lguillerman9h@rakuten.co.jp,Male,179.123.54.25
343,Herrick,Anster,hanster9i@ustream.tv,Non-binary,172.249.110.97
344,Lissy,Mill,lmill9j@topsy.com,Female,116.3.75.23
345,Faunie,Wivell,fwivell9k@aol.com,Female,34.37.89.107
346,Ellwood,Marde,emarde9l@va.gov,Male,77.109.4.242
347,Ivett,Ibeson,iibeson9m@addthis.com,Female,236.41.150.68
348,Ricky,Pilipyak,rpilipyak9n@i2i.jp,Female,213.25.164.250
349,Sherlock,Brogan,sbrogan9o@dot.gov,Male,99.76.95.29
350,Eddie,Hutable,ehutable9p@themeforest.net,Male,0.64.126.111
351,Ingrim,Chuney,ichuney9q@ifeng.com,Male,24.189.9.100
352,Hobey,Alven,halven9r@sohu.com,Male,236.236.212.113
353,Zenia,Togwell,ztogwell9s@cdc.gov,Female,64.141.233.61
354,Artemis,Asquith,aasquith9t@oakley.com,Male,191.29.5.21
355,Evangelia,Miguel,emiguel9u@house.gov,Female,152.24.245.242
356,Susette,Aloshkin,saloshkin9v@buzzfeed.com,Female,4.144.82.237
357,Tilly,Scrammage,tscrammage9w@symantec.com,Female,251.242.138.42
358,Cassi,Teaser,cteaser9x@rediff.com,Female,80.181.169.56
359,Noak,Iacomi,niacomi9y@pagesperso-orange.fr,Male,14.143.240.49
360,Aurelie,Hoggetts,ahoggetts9z@wikipedia.org,Female,237.22.130.22
361,Doralyn,Frearson,dfrearsona0@salon.com,Female,57.206.16.168
362,Cordell,Siddon,csiddona1@wikipedia.org,Male,206.58.113.50
363,Giustina,Wasbrough,gwasbrougha2@gmpg.org,Genderfluid,99.218.54.162
364,Catrina,Treppas,ctreppasa3@twitter.com,Female,185.132.45.97
365,Portia,Strange,pstrangea4@adobe.com,Female,34.34.121.71
366,Corly,Petzold,cpetzolda5@abc.net.au,Female,7.210.177.159
367,Camala,Wrightim,cwrightima6@springer.com,Female,4.179.38.187
368,Garth,Hawse,ghawsea7@hhs.gov,Male,175.203.29.176
369,Zita,Hunnywell,zhunnywella8@i2i.jp,Female,196.142.218.148
370,Thorin,Manders,tmandersa9@rambler.ru,Male,36.187.225.61
371,Stormi,Gallant,sgallantaa@nbcnews.com,Female,27.238.40.138
372,Giorgio,Rylatt,grylattab@rambler.ru,Male,70.192.252.55
373,Zonnya,Dorrins,zdorrinsac@comsenz.com,Female,72.145.152.114
374,Dallas,Crumpe,dcrumpead@unblog.fr,Female,156.158.32.101
375,Viviyan,Starrs,vstarrsae@phoca.cz,Female,9.15.193.63
376,Ellsworth,Aylwin,eaylwinaf@usatoday.com,Male,112.230.235.51
377,Peggi,Knoller,pknollerag@digg.com,Female,160.106.108.163
378,Daryl,Potes,dpotesah@mapquest.com,Male,184.47.20.53
379,Emelyne,Avann,eavannai@ftc.gov,Female,243.117.192.194
380,Janos,McClaren,jmcclarenaj@wikispaces.com,Male,150.193.196.248
381,Vivia,Meeland,vmeelandak@dmoz.org,Female,96.101.67.125
382,Flor,Streat,fstreatal@artisteer.com,Female,44.52.222.205
383,Hester,Lukash,hlukasham@de.vu,Female,53.51.157.182
384,Marley,Tewkesbury,mtewkesburyan@example.com,Female,87.113.33.139
385,Jo,Leil,jleilao@japanpost.jp,Male,94.7.168.214
386,Chlo,Allix,callixap@reuters.com,Female,80.5.169.3
387,Samuel,D'eath,sdeathaq@issuu.com,Male,244.211.176.218
388,Holmes,Scroyton,hscroytonar@ca.gov,Male,132.127.179.38
389,Hannie,Inett,hinettas@jimdo.com,Female,233.50.204.98
390,Riccardo,Worrall,rworrallat@goo.gl,Male,110.119.103.42
391,Allsun,Poulsen,apoulsenau@apache.org,Bigender,154.131.171.126
392,Foss,Cursons,fcursonsav@github.io,Male,53.143.45.131
393,Shae,Di Franceschi,sdifranceschiaw@xrea.com,Female,143.246.58.52
394,Morton,Gostage,mgostageax@earthlink.net,Male,60.218.59.175
395,Morie,Bloxam,mbloxamay@smh.com.au,Genderqueer,218.71.7.188
396,Sandro,Fearby,sfearbyaz@bloglovin.com,Male,120.154.76.251
397,Teodor,Eberle,teberleb0@europa.eu,Male,63.247.219.219
398,Gard,Shorbrook,gshorbrookb1@netscape.com,Male,67.95.194.117
399,Estevan,Gabbatt,egabbattb2@mapquest.com,Male,118.250.5.115
400,Jessalin,Thring,jthringb3@google.co.uk,Female,114.226.13.210
401,Kellen,Buxcy,kbuxcyb4@usa.gov,Male,181.250.199.250
402,Mata,Rameaux,mrameauxb5@eepurl.com,Male,244.33.131.107
403,Maurene,Pietraszek,mpietraszekb6@msn.com,Female,22.96.130.116
404,Glenn,Philbrick,gphilbrickb7@scientificamerican.com,Male,81.38.173.244
405,Amble,Bilbrook,abilbrookb8@springer.com,Male,48.98.118.107
406,Guy,Gymlett,ggymlettb9@bigcartel.com,Male,8.239.250.236
407,Marylynne,Stubbings,mstubbingsba@yelp.com,Female,71.107.0.128
408,Quinta,Antowski,qantowskibb@craigslist.org,Female,19.102.167.190
409,Martainn,Buick,mbuickbc@comsenz.com,Male,206.23.5.228
410,Hector,Cotman,hcotmanbd@cdbaby.com,Male,102.21.177.87
411,Saunder,Gianotti,sgianottibe@wordpress.org,Male,108.198.170.254
412,Clyde,Gillice,cgillicebf@xrea.com,Male,193.86.115.223
413,Monte,Vaskov,mvaskovbg@github.io,Male,237.52.114.38
414,Agnes,Rickardes,arickardesbh@ftc.gov,Female,118.239.195.5
415,Ceil,Grishanov,cgrishanovbi@thetimes.co.uk,Female,132.240.36.150
416,Sadye,Hugonnet,shugonnetbj@blog.com,Female,4.52.212.234
417,Welch,Ilyas,wilyasbk@pbs.org,Male,172.101.172.192
418,Nickie,Shewry,nshewrybl@ovh.net,Male,211.43.55.61
419,Chadwick,Hastin,chastinbm@latimes.com,Male,40.237.181.119
420,Gene,Laming,glamingbn@ted.com,Male,85.128.56.87
421,Keary,Rowaszkiewicz,krowaszkiewiczbo@canalblog.com,Male,159.92.144.79
422,Hyacinthia,von Grollmann,hvongrollmannbp@wikia.com,Female,100.245.174.22
423,Erasmus,Philippson,ephilippsonbq@prlog.org,Male,174.203.22.167
424,Caye,Presslee,cpressleebr@wordpress.com,Female,110.103.229.23
425,Anya,Surmon,asurmonbs@ucoz.com,Female,199.248.81.103
426,Erie,Learned,elearnedbt@paginegialle.it,Male,248.126.131.76
427,Karilynn,Wraxall,kwraxallbu@globo.com,Female,13.99.112.70
428,Humfrid,O'Shevlin,hoshevlinbv@stanford.edu,Male,158.66.136.207
429,Abie,Worsell,aworsellbw@dell.com,Male,81.143.196.218
430,Daisie,Canning,dcanningbx@blog.com,Female,186.31.3.161
431,Doralin,Beushaw,dbeushawby@wufoo.com,Polygender,255.52.169.15
432,Jaquith,Taree,jtareebz@qq.com,Female,59.55.252.162
433,Nollie,Faughnan,nfaughnanc0@reverbnation.com,Male,142.212.22.156
434,Bartram,Allchin,ballchinc1@usgs.gov,Male,231.206.108.107
435,Jeannine,McDoual,jmcdoualc2@foxnews.com,Female,72.55.110.228
436,Vera,Rookwell,vrookwellc3@webeden.co.uk,Female,135.241.84.105
437,Thatcher,Haywood,thaywoodc4@shutterfly.com,Male,252.220.208.148
438,Courtney,Gallichiccio,cgallichiccioc5@answers.com,Female,62.171.197.216
439,Jeniffer,Swain,jswainc6@virginia.edu,Female,23.15.134.107
440,Milena,McWhan,mmcwhanc7@skype.com,Female,91.28.13.82
441,Burg,Serjeant,bserjeantc8@parallels.com,Male,125.106.245.139
442,Dino,Aspinwall,daspinwallc9@hao123.com,Male,228.106.171.153
443,Winfield,Daynter,wdaynterca@sourceforge.net,Male,189.91.147.178
444,Caro,Henner,chennercb@google.de,Female,153.222.124.240
445,Shane,Trude,strudecc@icio.us,Female,110.76.188.88
446,Mile,Kleehuhler,mkleehuhlercd@whitehouse.gov,Male,192.26.28.171
447,Abey,Hildred,ahildredce@utexas.edu,Male,84.152.213.182
448,Collin,Espinoza,cespinozacf@mapy.cz,Non-binary,30.167.94.220
449,Darn,Stede,dstedecg@51.la,Male,225.84.164.191
450,Cristen,Rohlfing,crohlfingch@scientificamerican.com,Female,224.141.229.227
451,Ernest,Bresman,ebresmanci@usatoday.com,Genderfluid,143.229.84.35
452,Aryn,Ducker,aduckercj@wp.com,Female,246.207.65.117
453,Rutledge,Pedlingham,rpedlinghamck@issuu.com,Male,167.133.239.251
454,Kleon,Fairhall,kfairhallcl@ocn.ne.jp,Male,255.78.213.187
455,Saw,Chinnick,schinnickcm@chicagotribune.com,Male,98.116.143.213
456,Mano,Conerding,mconerdingcn@rambler.ru,Agender,222.153.184.86
457,Ardyce,Frowen,afrowenco@g.co,Female,90.160.254.55
458,Theodore,Mews,tmewscp@msu.edu,Male,248.183.175.30
459,Marcie,McFeate,mmcfeatecq@xing.com,Genderqueer,215.88.113.203
460,Donal,Ibbott,dibbottcr@answers.com,Male,139.242.136.65
461,Leon,Antognazzi,lantognazzics@usda.gov,Male,233.124.15.213
462,Gifford,Scneider,gscneiderct@cafepress.com,Male,130.179.77.62
463,Tadeas,Brownstein,tbrownsteincu@yandex.ru,Male,163.204.10.237
464,Danie,Aslum,daslumcv@mysql.com,Male,122.151.127.128
465,Weylin,Lyddon,wlyddoncw@cbsnews.com,Male,136.91.163.45
466,Ferrell,Harlett,fharlettcx@hibu.com,Male,171.26.160.27
467,Monique,Ciccarelli,mciccarellicy@furl.net,Genderfluid,154.207.90.168
468,Booth,Filson,bfilsoncz@census.gov,Male,242.167.42.0
469,Odelle,Rollitt,orollittd0@a8.net,Female,4.21.134.183
470,Pen,Pavlitschek,ppavlitschekd1@google.co.jp,Male,109.36.1.7
471,Bill,McKelvey,bmckelveyd2@google.co.jp,Male,17.26.43.252
472,Yelena,Dowgill,ydowgilld3@skyrock.com,Female,121.36.247.139
473,King,Birden,kbirdend4@tinypic.com,Male,63.146.83.148
474,Teodoor,Squires,tsquiresd5@foxnews.com,Male,88.199.117.165
475,Bryana,Abbe,babbed6@hostgator.com,Female,79.72.117.194
476,Dieter,Upton,duptond7@sciencedirect.com,Male,218.50.65.251
477,Damara,Walsh,dwalshd8@nbcnews.com,Female,227.186.182.40
478,Markos,Scrane,mscraned9@angelfire.com,Male,35.170.48.135
479,Jdavie,Graves,jgravesda@scribd.com,Male,50.131.125.120
480,Coleman,Obert,cobertdb@hexun.com,Male,27.173.89.21
481,Penni,Extil,pextildc@msn.com,Female,214.106.117.102
482,Sigmund,Karlowicz,skarlowiczdd@amazonaws.com,Polygender,125.61.79.37
483,Luca,Birkby,lbirkbyde@berkeley.edu,Male,163.36.55.163
484,Masha,Cheese,mcheesedf@people.com.cn,Female,117.179.216.127
485,Leonerd,Dubarry,ldubarrydg@cargocollective.com,Male,123.78.65.171
486,Seline,Cawdery,scawderydh@oakley.com,Non-binary,246.93.113.77
487,Daffie,Witz,dwitzdi@rambler.ru,Female,3.109.96.56
488,Othella,Sheirlaw,osheirlawdj@java.com,Female,9.37.214.121
489,Heall,Houliston,hhoulistondk@berkeley.edu,Male,108.238.154.108
490,Des,Swire,dswiredl@mapquest.com,Male,48.80.12.191
491,Clary,Tapply,ctapplydm@example.com,Female,90.145.144.165
492,Arvin,Mahaffey,amahaffeydn@php.net,Genderfluid,86.50.176.169
493,Stephan,Corkell,scorkelldo@unicef.org,Male,158.254.219.202
494,Lyndy,Bullivent,lbulliventdp@shop-pro.jp,Female,187.141.161.150
495,Patin,Ciciotti,pciciottidq@360.cn,Male,155.112.129.83
496,Alene,Rzehor,arzehordr@virginia.edu,Female,188.145.63.25
497,Wolfgang,Valenti,wvalentids@pbs.org,Male,28.240.216.199
498,Aldridge,Irvine,airvinedt@whitehouse.gov,Genderfluid,122.162.34.58
499,Randi,Ragdale,rragdaledu@vimeo.com,Male,229.48.144.188
500,Gwynne,Grafham,ggrafhamdv@hud.gov,Female,47.240.67.93
501,Randie,Dunklee,rdunkleedw@lulu.com,Male,70.199.212.136
502,Aurelea,Derricoat,aderricoatdx@usgs.gov,Genderfluid,180.164.3.233
503,Clayton,Mebs,cmebsdy@telegraph.co.uk,Male,16.30.199.176
504,Bond,Woollett,bwoollettdz@bizjournals.com,Male,51.164.38.182
505,Mick,Harome,mharomee0@stanford.edu,Male,100.46.228.99
506,Livvy,Cannam,lcanname1@pagesperso-orange.fr,Female,61.122.172.166
507,Darnell,Wyss,dwysse2@comsenz.com,Male,194.57.192.229
508,Alphard,Rabbatts,arabbattse3@boston.com,Male,16.168.178.176
509,Krisha,Ricciardo,kricciardoe4@ted.com,Bigender,229.63.207.91
510,Teresa,Luke,tlukee5@domainmarket.com,Female,156.9.82.7
511,Kamillah,Garritley,kgarritleye6@japanpost.jp,Genderqueer,4.17.38.81
512,Sibel,Andor,sandore7@ameblo.jp,Female,250.236.167.172
513,Mordy,Pleace,mpleacee8@discuz.net,Genderqueer,230.189.2.192
514,Silvio,Haugeh,shaugehe9@fotki.com,Male,236.186.185.238
515,Lynna,Farquarson,lfarquarsonea@booking.com,Female,69.40.175.159
516,Duane,Buttfield,dbuttfieldeb@cargocollective.com,Male,120.128.5.17
517,Durante,Chatburn,dchatburnec@yahoo.co.jp,Genderqueer,14.111.252.9
518,Andrej,Skedgell,askedgelled@rakuten.co.jp,Male,82.26.117.218
519,Tiebout,Gilbertson,tgilbertsonee@slashdot.org,Male,185.215.108.255
520,Frasquito,Rainbow,frainbowef@scribd.com,Male,57.232.237.74
521,Garvey,Monnelly,gmonnellyeg@princeton.edu,Male,213.202.160.226
522,Bayard,McGow,bmcgoweh@ucoz.ru,Male,229.177.214.181
523,Pietro,Jurek,pjurekei@devhub.com,Male,123.131.159.110
524,Auroora,Jachimak,ajachimakej@quantcast.com,Female,230.95.23.141
525,Wilhelm,Dikels,wdikelsek@jimdo.com,Male,90.30.148.60
526,Nance,Pingstone,npingstoneel@blogs.com,Female,183.255.15.163
527,Dunc,Slowey,dsloweyem@toplist.cz,Male,95.173.192.96
528,Ned,Marval,nmarvalen@moonfruit.com,Male,91.231.255.248
529,Anatol,Cunnow,acunnoweo@jiathis.com,Male,68.68.35.150
530,Phillida,Trousdell,ptrousdellep@statcounter.com,Bigender,190.166.121.85
531,Kathi,Couchman,kcouchmaneq@cornell.edu,Female,129.185.187.238
532,Buckie,Harriagn,bharriagner@ucsd.edu,Male,71.78.170.241
533,Dannel,Gomme,dgommees@ocn.ne.jp,Polygender,230.149.247.78
534,Jacynth,Kobes,jkobeset@independent.co.uk,Female,114.191.51.73
535,Bettye,Tingley,btingleyeu@craigslist.org,Female,147.214.183.198
536,Emmery,Hutson,ehutsonev@fc2.com,Male,216.111.79.55
537,Farrand,Legion,flegionew@mozilla.com,Female,186.196.255.222
538,Nikos,Jurca,njurcaex@php.net,Genderqueer,104.253.243.168
539,Sky,Maple,smapleey@xrea.com,Male,23.27.219.254
540,Jo-ann,Loadsman,jloadsmanez@yale.edu,Genderqueer,82.211.82.41
541,Renata,De Bernardis,rdebernardisf0@shutterfly.com,Non-binary,235.103.242.128
542,Leonerd,Dawton,ldawtonf1@sfgate.com,Male,152.93.201.211
543,Shellysheldon,Lapworth,slapworthf2@europa.eu,Male,198.182.204.13
544,Dionysus,Markson,dmarksonf3@1und1.de,Male,99.73.35.108
545,Ganny,Aggus,gaggusf4@tinypic.com,Male,231.236.151.135
546,Tallou,Fraczak,tfraczakf5@uiuc.edu,Female,96.151.59.98
547,Pamella,Canham,pcanhamf6@goodreads.com,Non-binary,85.0.219.185
548,Debbi,Shreenan,dshreenanf7@sitemeter.com,Female,109.43.83.142
549,Lucia,Espinha,lespinhaf8@tinypic.com,Female,48.58.72.37
550,Beltran,Oiller,boillerf9@guardian.co.uk,Male,20.99.204.144
551,Candie,Amner,camnerfa@accuweather.com,Female,77.239.214.120
552,Goddart,Garnsworthy,ggarnsworthyfb@w3.org,Male,196.244.103.129
553,Christiana,Leadstone,cleadstonefc@foxnews.com,Female,4.8.91.24
554,Ferdinanda,Courtin,fcourtinfd@e-recht24.de,Female,57.227.114.105
555,Lay,Upcraft,lupcraftfe@answers.com,Male,9.157.22.132
556,Borg,Stang-Gjertsen,bstanggjertsenff@wired.com,Male,67.39.81.157
557,Hinze,Gauden,hgaudenfg@google.co.jp,Bigender,76.108.101.67
558,Bryant,Bartlomiejczyk,bbartlomiejczykfh@over-blog.com,Agender,12.190.124.63
559,Reese,Georgius,rgeorgiusfi@pinterest.com,Male,77.34.215.89
560,Wrennie,Treker,wtrekerfj@dedecms.com,Female,126.126.224.223
561,Chadd,MacAdam,cmacadamfk@dropbox.com,Male,218.152.34.127
562,Salvador,Bath,sbathfl@example.com,Male,110.64.18.26
563,Moises,Caldecot,mcaldecotfm@google.com.br,Male,251.180.255.114
564,Christin,Bulbrook,cbulbrookfn@census.gov,Female,198.86.167.107
565,Tracey,Bangham,tbanghamfo@hubpages.com,Genderqueer,156.60.195.66
566,Shamus,Devas,sdevasfp@nsw.gov.au,Male,145.147.253.23
567,Nobe,Signori,nsignorifq@noaa.gov,Male,41.72.243.125
568,Rakel,Lowbridge,rlowbridgefr@cyberchimps.com,Female,159.184.51.82
569,Analise,Curbishley,acurbishleyfs@imageshack.us,Female,82.58.155.215
570,Nils,Goodall,ngoodallft@vkontakte.ru,Male,150.7.11.97
571,Englebert,Pigney,epigneyfu@senate.gov,Polygender,118.26.59.164
572,Larissa,Relfe,lrelfefv@china.com.cn,Female,254.170.192.2
573,Giacobo,Toun,gtounfw@sbwire.com,Male,113.185.199.21
574,Garold,Berriball,gberriballfx@globo.com,Male,217.175.134.121
575,Datha,Bourges,dbourgesfy@is.gd,Female,80.26.182.238
576,Dino,Paice,dpaicefz@columbia.edu,Polygender,246.209.33.61
577,Man,Brodest,mbrodestg0@netscape.com,Male,39.101.210.20
578,Finlay,Prestwich,fprestwichg1@ifeng.com,Polygender,222.218.197.136
579,Bevin,Boother,bbootherg2@mayoclinic.com,Male,174.4.237.81
580,Cesare,Breem,cbreemg3@digg.com,Male,149.148.173.141
581,Eduard,Longmore,elongmoreg4@spiegel.de,Male,179.191.224.16
582,Nerita,Dabes,ndabesg5@aboutads.info,Female,205.118.115.83
583,Arnold,Ion,aiong6@booking.com,Male,19.15.99.20
584,Yves,Gowman,ygowmang7@ucsd.edu,Male,239.42.187.187
585,Thor,Scarce,tscarceg8@guardian.co.uk,Male,28.53.174.73
586,Ninnette,Yewen,nyeweng9@ox.ac.uk,Female,130.12.113.187
587,Zia,Harrold,zharroldga@sfgate.com,Female,186.121.62.34
588,Gianina,Winnister,gwinnistergb@about.me,Female,64.172.141.157
589,Benoit,Duckfield,bduckfieldgc@wsj.com,Male,121.103.213.125
590,Nichole,Shimman,nshimmangd@hc360.com,Male,172.43.20.152
591,Brande,Downey,bdowneyge@harvard.edu,Female,245.238.151.245
592,Lucien,Stroband,lstrobandgf@howstuffworks.com,Male,131.125.56.215
593,Tamma,Emmer,temmergg@list-manage.com,Female,36.55.197.218
594,Rem,Oloman,rolomangh@liveinternet.ru,Male,189.243.70.4
595,Renault,Yitshak,ryitshakgi@spiegel.de,Male,67.176.29.177
596,Delmer,Presnall,dpresnallgj@pen.io,Male,122.85.239.105
597,Dion,Timson,dtimsongk@1688.com,Male,55.3.119.31
598,Annadiane,Veracruysse,averacruyssegl@phpbb.com,Genderqueer,187.128.170.134
599,Hillyer,Lemar,hlemargm@mashable.com,Male,27.41.148.48
600,Brynn,McClymond,bmcclymondgn@jimdo.com,Female,109.252.155.180
601,Sandy,Girvan,sgirvango@ning.com,Male,121.45.245.221
602,Gail,O' Quirk,goquirkgp@reference.com,Female,189.198.99.93
603,Renaldo,Mustoe,rmustoegq@mysql.com,Polygender,70.18.43.45
604,Ev,Grimsley,egrimsleygr@scientificamerican.com,Male,199.125.205.22
605,Em,Dowding,edowdinggs@huffingtonpost.com,Male,255.127.185.6
606,Malena,Hamblin,mhamblingt@tumblr.com,Female,146.234.19.215
607,Moishe,McKay,mmckaygu@github.com,Male,92.92.187.154
608,Graig,Sisnett,gsisnettgv@sogou.com,Non-binary,9.107.249.213
609,Vernice,Zanardii,vzanardiigw@omniture.com,Female,128.29.67.13
610,Gabie,Vaisey,gvaiseygx@google.nl,Female,48.77.245.33
611,Bart,Yedy,byedygy@163.com,Male,77.142.158.255
612,Catha,Stute,cstutegz@timesonline.co.uk,Female,248.54.7.248
613,Fifine,Easman,feasmanh0@upenn.edu,Female,50.141.107.94
614,Meagan,Tait,mtaith1@lycos.com,Female,43.145.71.178
615,Lucilia,Bond,lbondh2@reddit.com,Female,124.4.19.107
616,Traver,Thorneywork,tthorneyworkh3@java.com,Male,135.141.133.68
617,Noe,Beadell,nbeadellh4@independent.co.uk,Male,22.68.76.175
618,Rad,Youtead,ryouteadh5@is.gd,Male,45.147.118.178
619,Udale,Smeall,usmeallh6@xing.com,Male,44.78.201.2
620,Demetris,Jurgen,djurgenh7@berkeley.edu,Female,34.180.70.151
621,Burnard,Langhorne,blanghorneh8@hugedomains.com,Male,0.6.47.147
622,Chaddie,Ben,cbenh9@pcworld.com,Male,88.137.49.165
623,Pippo,Peartree,ppeartreeha@state.gov,Male,222.150.220.27
624,Alfonse,Rumbelow,arumbelowhb@narod.ru,Male,233.71.37.212
625,Etti,Chalmers,echalmershc@wix.com,Female,115.134.48.38
626,Irene,Minghetti,iminghettihd@bigcartel.com,Female,161.204.222.192
627,Claribel,Daal,cdaalhe@unicef.org,Female,49.251.175.148
628,Valli,Lavender,vlavenderhf@cargocollective.com,Female,240.6.49.232
629,Shannen,Alman,salmanhg@hatena.ne.jp,Female,224.194.199.112
630,Morty,Sherer,mshererhh@ft.com,Male,246.251.254.27
631,Eolanda,Habercham,ehaberchamhi@squidoo.com,Female,106.244.51.195
632,Beckie,O'Ferris,boferrishj@geocities.com,Female,121.251.135.88
633,Benyamin,Murphey,bmurpheyhk@unblog.fr,Male,100.227.45.70
634,Mallory,Theobalds,mtheobaldshl@1und1.de,Male,86.240.247.50
635,Novelia,Royl,nroylhm@google.co.uk,Female,133.212.201.19
636,Trix,Eustanch,teustanchhn@phpbb.com,Genderfluid,44.231.74.86
637,Ichabod,Laborde,ilabordeho@t-online.de,Male,211.195.1.167
638,Marlie,Yewen,myewenhp@stanford.edu,Agender,235.255.74.141
639,Pepillo,Duckinfield,pduckinfieldhq@youtu.be,Genderqueer,41.102.170.147
640,Carmela,Royan,croyanhr@odnoklassniki.ru,Female,99.178.69.90
641,Tonia,Pavek,tpavekhs@edublogs.org,Female,243.155.215.81
642,Ursola,Prando,uprandoht@latimes.com,Female,46.123.80.165
643,Ignatius,Acland,iaclandhu@baidu.com,Male,168.198.94.206
644,Boony,Sertin,bsertinhv@harvard.edu,Polygender,162.155.211.28
645,Denney,Fratson,dfratsonhw@privacy.gov.au,Male,190.183.255.84
646,Kelsey,Muldoon,kmuldoonhx@ucsd.edu,Female,249.250.123.112
647,Lesley,Casewell,lcasewellhy@biglobe.ne.jp,Female,250.152.227.87
648,Louie,Eynald,leynaldhz@istockphoto.com,Male,42.212.86.89
649,Cyrill,Maryet,cmaryeti0@spiegel.de,Male,134.126.45.170
650,Jillene,Wandless,jwandlessi1@weibo.com,Female,61.25.132.93
651,Moishe,Siebert,msieberti2@prweb.com,Male,196.144.113.148
652,Kittie,Bordman,kbordmani3@bandcamp.com,Female,223.200.226.200
653,Simona,Plumridege,splumridegei4@kickstarter.com,Agender,134.245.14.129
654,Tuck,Speke,tspekei5@jigsy.com,Male,159.223.177.226
655,Costa,Janway,cjanwayi6@squidoo.com,Male,178.172.204.203
656,Janaya,Libbe,jlibbei7@altervista.org,Non-binary,1.206.210.86
657,Enos,Boater,eboateri8@ycombinator.com,Male,174.82.131.92
658,Rayner,Firidolfi,rfiridolfii9@theglobeandmail.com,Genderfluid,152.49.150.90
659,Flss,Harriss,fharrissia@mtv.com,Female,85.155.201.250
660,Nickie,Rabier,nrabierib@skype.com,Female,126.55.192.136
661,Siouxie,Pickford,spickfordic@fda.gov,Female,141.35.25.216
662,Base,Hurlestone,bhurlestoneid@mediafire.com,Male,222.62.8.3
663,Balduin,Janny,bjannyie@blog.com,Male,4.122.5.138
664,Ailina,Gurys,agurysif@miitbeian.gov.cn,Female,166.243.101.123
665,Kalila,Muneely,kmuneelyig@europa.eu,Female,39.7.72.243
666,Roderigo,Imlock,rimlockih@spiegel.de,Male,213.189.11.178
667,Sibeal,Dreier,sdreierii@dell.com,Female,138.154.137.86
668,Titos,Capron,tcapronij@ed.gov,Male,88.80.194.207
669,Jen,Brumhead,jbrumheadik@cnn.com,Female,48.2.164.50
670,Olivero,Sicely,osicelyil@slashdot.org,Male,133.30.209.71
671,Vinny,Farrar,vfarrarim@chicagotribune.com,Female,16.221.248.233
672,Moll,Dorrian,mdorrianin@mayoclinic.com,Female,138.243.41.130
673,Romain,Clell,rclellio@gizmodo.com,Male,240.54.144.34
674,Huey,Sara,hsaraip@cdc.gov,Male,144.234.181.172
675,Tyson,Cosgrove,tcosgroveiq@webs.com,Male,214.135.127.81
676,Frederich,Dounbare,fdounbareir@census.gov,Male,229.132.114.253
677,Britni,Arnowitz,barnowitzis@tumblr.com,Female,97.107.26.72
678,Pietrek,Cosham,pcoshamit@mysql.com,Male,20.90.54.48
679,Merv,Ivanilov,mivaniloviu@arizona.edu,Male,3.36.169.218
680,Selig,Broxup,sbroxupiv@homestead.com,Male,105.46.86.9
681,Andie,Dreghorn,adreghorniw@purevolume.com,Female,246.123.197.189
682,Bastian,Sawer,bsawerix@buzzfeed.com,Male,43.93.60.235
683,Catina,Shoobridge,cshoobridgeiy@whitehouse.gov,Female,159.112.199.230
684,Trey,Tettley,ttettleyiz@samsung.com,Male,187.82.107.124
685,Ginevra,Mugglestone,gmugglestonej0@paypal.com,Female,195.56.162.147
686,Susy,Marchent,smarchentj1@fda.gov,Female,93.123.154.22
687,Shandee,Sommerling,ssommerlingj2@nhs.uk,Female,224.65.154.128
688,Spense,Kelshaw,skelshawj3@naver.com,Male,30.1.21.193
689,Oralle,Raggitt,oraggittj4@163.com,Polygender,250.87.179.248
690,Ramsey,Rosenau,rrosenauj5@scientificamerican.com,Male,19.81.85.187
691,Corbin,Walstow,cwalstowj6@blogs.com,Male,0.97.193.163
692,Linn,McBrearty,lmcbreartyj7@telegraph.co.uk,Male,245.61.238.13
693,Jillene,Klimczak,jklimczakj8@engadget.com,Female,241.169.25.91
694,Fiann,Kitson,fkitsonj9@slate.com,Female,61.70.42.42
695,Dyann,Warden,dwardenja@printfriendly.com,Female,72.171.191.246
696,Keenan,Quest,kquestjb@mysql.com,Male,166.198.147.65
697,Farley,Charley,fcharleyjc@stanford.edu,Male,61.206.245.172
698,Xenia,Slides,xslidesjd@stanford.edu,Genderqueer,227.145.35.69
699,Robbie,Brogiotti,rbrogiottije@tinyurl.com,Male,140.89.5.12
700,Michele,Ransfield,mransfieldjf@google.com,Male,92.24.51.236
701,Nady,McSkeagan,nmcskeaganjg@arizona.edu,Female,222.57.69.61
702,Morrie,Ebbetts,mebbettsjh@squidoo.com,Male,93.33.123.225
703,Bertram,Peers,bpeersji@netlog.com,Bigender,255.97.103.77
704,Alva,Plail,aplailjj@blogger.com,Male,218.203.28.176
705,Caresa,Rozec,crozecjk@blinklist.com,Female,252.123.87.67
706,Alexandra,Snazel,asnazeljl@boston.com,Female,194.11.135.170
707,Webb,Exroll,wexrolljm@google.fr,Male,193.249.155.163
708,Latrena,Dilks,ldilksjn@hexun.com,Female,158.111.255.91
709,Demetria,Cuesta,dcuestajo@ifeng.com,Female,198.251.57.198
710,Antoni,Coytes,acoytesjp@networksolutions.com,Male,9.90.43.87
711,Pepito,McIllrick,pmcillrickjq@last.fm,Non-binary,160.48.118.183
712,Prisca,Malham,pmalhamjr@deviantart.com,Female,245.42.195.126
713,Bendix,Saipy,bsaipyjs@lycos.com,Male,156.26.55.221
714,Amber,Guillem,aguillemjt@nps.gov,Female,225.85.221.83
715,Leeann,Nan Carrow,lnancarrowju@weebly.com,Female,111.188.104.24
716,Leonhard,Rathbone,lrathbonejv@java.com,Male,77.205.102.149
717,Rollin,Dawidowitz,rdawidowitzjw@nhs.uk,Male,180.83.162.173
718,Howard,MacGilmartin,hmacgilmartinjx@ow.ly,Male,185.203.151.43
719,Celine,Couroy,ccouroyjy@typepad.com,Female,105.226.133.2
720,Loy,Wolverson,lwolversonjz@spotify.com,Male,48.73.101.203
721,Kerstin,MacDonogh,kmacdonoghk0@census.gov,Female,91.148.116.157
722,Katey,Dobrovolny,kdobrovolnyk1@bravesites.com,Female,183.173.11.231
723,Rene,Sasser,rsasserk2@bravesites.com,Male,249.133.3.104
724,Hermina,Blackbourn,hblackbournk3@bluehost.com,Female,230.118.183.171
725,Merline,Jannaway,mjannawayk4@de.vu,Female,197.109.15.201
726,Brandon,Inchan,binchank5@unesco.org,Male,241.38.93.162
727,Linet,Ugo,lugok6@cnn.com,Female,243.35.48.76
728,Berton,Belle,bbellek7@storify.com,Male,225.68.241.54
729,Ranee,Broadis,rbroadisk8@buzzfeed.com,Female,78.12.149.241
730,Wynne,Dayer,wdayerk9@bbb.org,Female,60.156.188.51
731,Maia,Attaway,mattawayka@last.fm,Female,225.237.164.112
732,Callean,O'Hoolahan,cohoolahankb@cmu.edu,Male,13.93.165.58
733,Lucie,Enrigo,lenrigokc@tuttocitta.it,Female,69.245.154.190
734,Casey,Armor,carmorkd@bandcamp.com,Male,147.85.147.32
735,Byron,Vannacci,bvannaccike@youtu.be,Male,243.49.169.131
736,Carmella,Cornau,ccornaukf@oracle.com,Female,216.101.169.141
737,Base,Feilden,bfeildenkg@altervista.org,Genderfluid,0.159.213.25
738,Tonia,Kasperski,tkasperskikh@opensource.org,Female,38.112.155.117
739,Winifred,Knibley,wknibleyki@dmoz.org,Female,28.242.154.158
740,Guglielma,Sykora,gsykorakj@etsy.com,Female,48.125.18.251
741,Rey,Marchetti,rmarchettikk@marketwatch.com,Agender,165.13.122.159
742,Osbert,Sonner,osonnerkl@omniture.com,Genderfluid,69.94.7.192
743,Pavla,Kensett,pkensettkm@elpais.com,Female,129.13.198.88
744,Danie,Mayze,dmayzekn@samsung.com,Male,152.50.18.139
745,Orelee,Dibson,odibsonko@upenn.edu,Female,114.239.100.33
746,Gregoire,Leipold,gleipoldkp@merriam-webster.com,Male,48.163.116.33
747,Winifield,Kharchinski,wkharchinskikq@trellian.com,Genderqueer,139.190.163.69
748,Rickie,MacKaile,rmackailekr@craigslist.org,Male,184.73.248.114
749,Maddy,Houndson,mhoundsonks@weebly.com,Female,121.98.133.102
750,Tyson,Ardley,tardleykt@macromedia.com,Male,110.38.117.67
751,Christian,Lindro,clindroku@netvibes.com,Male,167.103.87.168
752,Danica,Crane,dcranekv@naver.com,Female,181.7.136.157
753,Winnie,Leggate,wleggatekw@exblog.jp,Male,65.36.67.1
754,Joseito,Gracewood,jgracewoodkx@mediafire.com,Male,125.1.188.154
755,Nettie,Worters,nwortersky@github.io,Female,38.3.170.186
756,Giraldo,Hurlestone,ghurlestonekz@bloomberg.com,Male,113.125.48.82
757,Bonnibelle,Janikowski,bjanikowskil0@accuweather.com,Female,231.129.72.90
758,Currey,Dell Casa,cdellcasal1@scribd.com,Male,103.141.55.204
759,Royall,Janzen,rjanzenl2@marketwatch.com,Male,94.219.122.78
760,Dory,Braybrooks,dbraybrooksl3@xrea.com,Male,30.159.75.61
761,Buck,Creagh,bcreaghl4@japanpost.jp,Male,145.62.145.31
762,Harvey,Belding,hbeldingl5@mtv.com,Male,144.63.11.161
763,Lavina,Busst,lbusstl6@themeforest.net,Female,157.112.125.54
764,Warner,Rignall,wrignalll7@aboutads.info,Male,74.100.156.220
765,Ernst,Prodrick,eprodrickl8@issuu.com,Male,40.135.47.79
766,Kalie,Beat,kbeatl9@tamu.edu,Female,58.80.172.103
767,Niall,Brackpool,nbrackpoolla@usa.gov,Male,110.110.137.2
768,Max,Verling,mverlinglb@bizjournals.com,Female,103.141.103.139
769,Barn,Pawson,bpawsonlc@so-net.ne.jp,Male,125.222.114.157
770,Matty,Wonter,mwonterld@ustream.tv,Male,100.151.184.164
771,Derwin,Woodrup,dwoodruple@example.com,Male,30.58.83.173
772,Adan,Furmston,afurmstonlf@feedburner.com,Male,62.14.203.185
773,Kermie,Perrins,kperrinslg@mlb.com,Male,119.80.210.228
774,Linell,McDuffy,lmcduffylh@wix.com,Agender,96.174.172.102
775,Guenevere,Rolinson,grolinsonli@squarespace.com,Female,209.108.156.204
776,Arline,Kerridge,akerridgelj@barnesandnoble.com,Agender,4.122.174.65
777,Faina,Keeley,fkeeleylk@parallels.com,Female,208.65.253.219
778,Lorinda,Raiman,lraimanll@berkeley.edu,Female,145.12.227.142
779,Joel,Vasyatkin,jvasyatkinlm@zdnet.com,Male,247.56.36.244
780,Janeta,Tucknott,jtucknottln@japanpost.jp,Female,1.87.13.111
781,Shel,Whelpton,swhelptonlo@gnu.org,Female,249.55.206.146
782,Lyssa,Vickery,lvickerylp@google.fr,Female,34.252.65.25
783,Gunilla,Streets,gstreetslq@vkontakte.ru,Female,186.96.105.128
784,Riley,Girardet,rgirardetlr@51.la,Male,190.155.62.243
785,Meredeth,Valente,mvalentels@cisco.com,Male,247.119.233.85
786,Toby,Teenan,tteenanlt@mysql.com,Male,135.216.114.104
787,Ned,Bunson,nbunsonlu@guardian.co.uk,Male,237.31.104.40
788,Gawain,Dolley,gdolleylv@indiegogo.com,Genderqueer,218.150.162.156
789,Sean,Francomb,sfrancomblw@mapquest.com,Female,104.92.178.24
790,Lani,Adair,ladairlx@nature.com,Female,240.156.183.62
791,Brocky,Assender,bassenderly@artisteer.com,Male,228.214.97.112
792,Adela,Russe,arusselz@aol.com,Female,175.114.2.25
793,Laural,Place,lplacem0@jugem.jp,Female,7.123.214.30
794,Doy,Hawkings,dhawkingsm1@spotify.com,Genderfluid,37.241.197.223
795,Marty,Tomicki,mtomickim2@tripadvisor.com,Male,194.98.91.136
796,Annecorinne,O'Lahy,aolahym3@yellowpages.com,Female,127.102.53.204
797,Dwain,Antonowicz,dantonowiczm4@meetup.com,Male,209.243.250.234
798,Waneta,Rickards,wrickardsm5@ifeng.com,Female,31.236.175.31
799,Ronny,Allard,rallardm6@linkedin.com,Polygender,231.199.234.5
800,Stephie,Clappson,sclappsonm7@wp.com,Female,182.93.89.227
801,Allyce,Vigietti,avigiettim8@reverbnation.com,Female,159.229.198.86
802,Larissa,Urquhart,lurquhartm9@hubpages.com,Female,244.8.211.29
803,Marcellus,Karpushkin,mkarpushkinma@mysql.com,Male,205.177.248.108
804,Mateo,Morican,mmoricanmb@senate.gov,Male,165.156.119.99
805,Phylis,Curzon,pcurzonmc@ehow.com,Female,230.46.241.182
806,Ami,Conachie,aconachiemd@mtv.com,Female,172.150.50.193
807,Weylin,Castilla,wcastillame@delicious.com,Male,53.248.76.144
808,Wayne,Darcey,wdarceymf@imdb.com,Male,237.18.32.141
809,Caz,Reinbech,creinbechmg@vk.com,Agender,219.13.82.156
810,Wallie,Micheau,wmicheaumh@flickr.com,Female,253.154.155.229
811,Gloria,Patrick,gpatrickmi@latimes.com,Female,3.10.161.139
812,Rodolphe,Pattingson,rpattingsonmj@wikia.com,Male,210.54.100.14
813,Lyndel,Torregiani,ltorregianimk@biblegateway.com,Female,4.213.11.114
814,Susanna,Dawton,sdawtonml@loc.gov,Female,215.56.214.193
815,Didi,Broodes,dbroodesmm@nbcnews.com,Female,22.10.187.210
816,Orran,Klich,oklichmn@gnu.org,Male,118.162.18.216
817,Jacki,Currie,jcurriemo@angelfire.com,Female,185.23.89.176
818,Jeannine,Salack,jsalackmp@cargocollective.com,Female,23.69.88.225
819,Drusi,Mouatt,dmouattmq@xinhuanet.com,Female,185.73.148.151
820,Dede,Pople,dpoplemr@sourceforge.net,Female,83.254.51.251
821,Nikaniki,Cradick,ncradickms@de.vu,Female,138.242.151.224
822,Elia,Shottin,eshottinmt@github.io,Male,140.92.192.195
823,James,Padginton,jpadgintonmu@godaddy.com,Genderfluid,94.19.144.186
824,Gerardo,Ricciardi,gricciardimv@zdnet.com,Male,199.204.243.170
825,Clemens,Fawthorpe,cfawthorpemw@rambler.ru,Male,161.25.145.215
826,Heath,Flode,hflodemx@nhs.uk,Female,83.84.104.67
827,Wain,Mableson,wmablesonmy@mtv.com,Male,119.246.121.215
828,Winfred,Burndred,wburndredmz@blogger.com,Male,170.202.153.148
829,Dallas,Elmar,delmarn0@addthis.com,Male,134.238.210.117
830,Ann,Kuhnwald,akuhnwaldn1@parallels.com,Female,86.192.5.239
831,Scott,Trytsman,strytsmann2@yandex.ru,Male,103.218.96.13
832,Arvie,Bazire,abaziren3@patch.com,Male,114.38.52.150
833,Judie,Murrell,jmurrelln4@123-reg.co.uk,Female,234.66.102.164
834,Algernon,Pitchford,apitchfordn5@artisteer.com,Male,96.135.0.54
835,Sidney,Pund,spundn6@tiny.cc,Bigender,69.75.28.95
836,Betta,Richen,brichenn7@tmall.com,Female,147.147.9.141
837,Corenda,Jakeman,cjakemann8@reverbnation.com,Female,106.212.127.32
838,Kamilah,Gritsaev,kgritsaevn9@epa.gov,Female,209.49.141.85
839,Maryanna,Evanson,mevansonna@ifeng.com,Female,175.19.250.110
840,Dre,Causnett,dcausnettnb@archive.org,Female,15.128.221.163
841,Corine,Pilger,cpilgernc@ucla.edu,Female,27.198.191.133
842,Jed,Clayworth,jclayworthnd@netlog.com,Male,55.183.252.36
843,Casi,Dollin,cdollinne@icio.us,Female,208.115.59.121
844,Peggy,Mouan,pmouannf@studiopress.com,Female,109.223.219.23
845,Danette,Stivers,dstiversng@loc.gov,Female,218.161.143.205
846,Bernadette,Whisker,bwhiskernh@mtv.com,Female,196.59.221.133
847,Nancie,Mocquer,nmocquerni@spotify.com,Female,137.245.243.168
848,Boyd,Andriveaux,bandriveauxnj@ovh.net,Male,156.6.173.82
849,Erin,Freddi,efreddink@about.com,Male,5.33.41.98
850,Ogden,Mee,omeenl@toplist.cz,Male,53.145.223.231
851,Vincenty,Downing,vdowningnm@army.mil,Male,56.120.112.117
852,Weylin,Coyte,wcoytenn@usgs.gov,Male,58.151.254.190
853,Jarid,Veasey,jveaseyno@creativecommons.org,Male,252.242.30.85
854,Pauline,Pellatt,ppellattnp@booking.com,Female,128.114.120.126
855,Kiley,Zaniolini,kzaniolininq@edublogs.org,Male,97.215.85.201
856,Jo-anne,Bewley,jbewleynr@typepad.com,Female,57.55.216.81
857,Monte,MacAvddy,mmacavddyns@reuters.com,Male,247.248.232.234
858,Rudd,Jammes,rjammesnt@columbia.edu,Male,250.224.60.131
859,Liv,Dienes,ldienesnu@barnesandnoble.com,Female,46.33.26.75
860,Orin,Jancy,ojancynv@sciencedaily.com,Male,14.183.139.129
861,Kipp,Geerling,kgeerlingnw@google.com.br,Male,188.184.234.143
862,Robin,Hardwell,rhardwellnx@sphinn.com,Male,131.51.98.205
863,Anallise,Proske,aproskeny@drupal.org,Female,204.31.129.202
864,Talia,Crace,tcracenz@stumbleupon.com,Female,37.136.59.171
865,Norby,Hammant,nhammanto0@tmall.com,Male,206.40.69.249
866,Georgi,Vlasov,gvlasovo1@yale.edu,Male,47.39.181.172
867,Carolyne,Unthank,cunthanko2@accuweather.com,Female,101.86.157.245
868,Anselm,Beards,abeardso3@rediff.com,Male,154.142.49.165
869,Barret,McLagan,bmclagano4@ebay.com,Male,216.74.94.143
870,Marissa,Basilotta,mbasilottao5@cmu.edu,Female,20.102.53.21
871,Humfried,Playhill,hplayhillo6@multiply.com,Male,176.116.141.157
872,Trina,Vellender,tvellendero7@miitbeian.gov.cn,Female,239.127.228.252
873,Trudey,Lamplough,tlamplougho8@people.com.cn,Female,80.140.148.170
874,Fredrick,Yates,fyateso9@yolasite.com,Male,152.118.230.43
875,Starlene,McKinie,smckinieoa@youku.com,Female,222.131.11.16
876,Earle,Collinge,ecollingeob@ftc.gov,Male,89.163.21.155
877,Barthel,Tolcher,btolcheroc@mlb.com,Male,172.177.39.49
878,Friedrich,Thornton,fthorntonod@google.co.uk,Male,87.203.27.132
879,Boote,Burdytt,bburdyttoe@shareasale.com,Bigender,130.203.24.133
880,Ferrell,Lightwood,flightwoodof@weibo.com,Male,209.167.144.191
881,Silvie,Petchey,spetcheyog@pbs.org,Female,42.34.61.8
882,Dulcine,Rhead,drheadoh@usgs.gov,Female,201.101.134.134
883,Angie,Franchioni,afranchionioi@sitemeter.com,Female,165.133.231.91
884,Ronica,Quan,rquanoj@tmall.com,Female,31.198.32.93
885,Nathanial,Akehurst,nakehurstok@scribd.com,Male,213.75.51.80
886,Elberta,Cuerdale,ecuerdaleol@tmall.com,Female,218.247.243.225
887,Orelee,Tuke,otukeom@biblegateway.com,Female,113.201.224.250
888,Jessee,Wilkin,jwilkinon@canalblog.com,Male,139.188.201.46
889,Parnell,Glenfield,pglenfieldoo@shop-pro.jp,Male,149.210.145.88
890,Benedikt,Gerrish,bgerrishop@tamu.edu,Male,33.247.148.178
891,Barrie,Peracco,bperaccooq@sohu.com,Female,208.59.20.238
892,Jaymee,Francomb,jfrancombor@sakura.ne.jp,Female,205.128.114.226
893,Aurore,Pullen,apullenos@moonfruit.com,Female,119.206.202.108
894,Agretha,Gaw,agawot@github.com,Female,34.217.188.150
895,Creigh,McGorman,cmcgormanou@zimbio.com,Non-binary,59.192.120.77
896,Raina,De Atta,rdeattaov@cnet.com,Female,3.155.212.104
897,Jabez,Hanmer,jhanmerow@myspace.com,Male,165.202.139.131
898,Harwell,Laingmaid,hlaingmaidox@rakuten.co.jp,Male,68.5.32.176
899,Deva,Vaillant,dvaillantoy@ted.com,Female,222.45.182.206
900,Byram,Crosswaite,bcrosswaiteoz@com.com,Male,118.82.243.100
901,Sax,Boichat,sboichatp0@tinyurl.com,Male,186.32.51.225
902,Demetris,Conboy,dconboyp1@amazonaws.com,Female,41.137.209.91
903,Micheil,Slide,mslidep2@amazon.de,Male,68.186.140.170
904,Cyril,Weddeburn,cweddeburnp3@wired.com,Male,85.2.74.42
905,Farris,Briskey,fbriskeyp4@bloglines.com,Male,61.56.157.214
906,Charlotta,Wonfor,cwonforp5@aboutads.info,Female,8.146.238.114
907,Kent,Ricciardelli,kricciardellip6@slashdot.org,Male,7.89.139.97
908,Rita,Bernth,rbernthp7@yale.edu,Female,25.202.188.255
909,Warner,Frances,wfrancesp8@senate.gov,Male,84.74.8.54
910,Red,Kilfeather,rkilfeatherp9@surveymonkey.com,Male,221.25.222.37
911,Myca,Kingshott,mkingshottpa@upenn.edu,Male,153.115.12.167
912,Crin,Manhare,cmanharepb@canalblog.com,Female,80.243.153.31
913,Elwira,Huddles,ehuddlespc@uol.com.br,Female,248.10.155.215
914,Lloyd,Fairbrother,lfairbrotherpd@economist.com,Male,73.226.0.101
915,Maddie,Crutcher,mcrutcherpe@cdbaby.com,Male,251.212.247.188
916,Riobard,Danelet,rdaneletpf@51.la,Male,116.89.224.148
917,Riobard,Yegorshin,ryegorshinpg@google.co.jp,Male,231.229.3.41
918,Marybelle,Lippo,mlippoph@unblog.fr,Female,94.50.51.22
919,Wolfgang,Saltmarsh,wsaltmarshpi@xing.com,Male,183.99.53.204
920,Adina,Tomsu,atomsupj@hugedomains.com,Agender,50.100.130.218
921,Rolph,Castelluzzi,rcastelluzzipk@tuttocitta.it,Male,105.250.146.100
922,Burton,Kahan,bkahanpl@e-recht24.de,Male,186.6.215.216
923,Carri,Grise,cgrisepm@state.tx.us,Genderqueer,164.68.157.41
924,Lilah,Heineke,lheinekepn@istockphoto.com,Bigender,246.80.66.70
925,Granville,Tibbs,gtibbspo@google.co.uk,Male,103.112.187.226
926,Holly,Kennelly,hkennellypp@alibaba.com,Male,251.121.31.92
927,Maighdiln,Volk,mvolkpq@i2i.jp,Female,194.160.11.71
928,Blaire,Clift,bcliftpr@weebly.com,Female,235.204.63.42
929,Meriel,Emmanueli,memmanuelips@reverbnation.com,Female,70.238.4.209
930,Rochelle,Alwin,ralwinpt@stanford.edu,Agender,190.248.95.77
931,Ritchie,Graveston,rgravestonpu@goodreads.com,Male,170.132.72.6
932,Lezlie,Leggitt,lleggittpv@alibaba.com,Female,231.119.107.216
933,Aleta,Cure,acurepw@biglobe.ne.jp,Female,31.172.147.19
934,Maurizia,Andress,mandresspx@rediff.com,Female,19.240.11.57
935,Rebe,Cattonnet,rcattonnetpy@cpanel.net,Female,161.78.149.54
936,Gal,Udall,gudallpz@umn.edu,Male,224.24.223.66
937,Chancey,Hain,chainq0@globo.com,Male,224.244.17.97
938,Leland,Mordin,lmordinq1@deviantart.com,Male,150.167.27.108
939,Livvie,Velte,lvelteq2@sbwire.com,Female,162.200.208.178
940,Jack,Grishelyov,jgrishelyovq3@sitemeter.com,Male,1.110.233.122
941,Marleen,Mabbott,mmabbottq4@mashable.com,Female,154.19.192.143
942,Freddy,Clubley,fclubleyq5@vinaora.com,Female,99.75.82.137
943,Sid,Bagster,sbagsterq6@pagesperso-orange.fr,Male,220.146.5.62
944,Hugibert,Joss,hjossq7@noaa.gov,Male,195.166.116.58
945,Edita,Dilliway,edilliwayq8@tinyurl.com,Female,122.67.185.228
946,Shelia,Huonic,shuonicq9@pagesperso-orange.fr,Female,76.129.188.24
947,Tabitha,Calkin,tcalkinqa@cmu.edu,Genderfluid,166.211.167.75
948,Pat,Cleminson,pcleminsonqb@google.ru,Male,142.190.221.105
949,Livvy,Steger,lstegerqc@eepurl.com,Female,155.228.176.5
950,Felicdad,Blackwell,fblackwellqd@theatlantic.com,Female,73.116.117.231
951,Carlita,MacArthur,cmacarthurqe@stanford.edu,Female,80.98.130.88
952,Cori,Bridson,cbridsonqf@webmd.com,Male,81.140.93.166
953,Nedda,Gamwell,ngamwellqg@wufoo.com,Female,231.24.238.208
954,Donielle,Blaksley,dblaksleyqh@utexas.edu,Female,243.200.163.237
955,Gayle,Thurley,gthurleyqi@weibo.com,Male,155.20.64.17
956,Lelia,Roughan,lroughanqj@skype.com,Female,126.82.47.77
957,Harv,Risbrough,hrisbroughqk@hc360.com,Male,42.75.201.133
958,Mikaela,Bilbie,mbilbieql@shutterfly.com,Female,90.226.65.73
959,Gus,Terzi,gterziqm@soundcloud.com,Female,64.128.67.166
960,Langston,Petican,lpeticanqn@hhs.gov,Male,248.202.160.62
961,Sollie,Dee,sdeeqo@wisc.edu,Male,156.15.115.64
962,Lainey,Albrecht,lalbrechtqp@surveymonkey.com,Female,144.10.247.225
963,Mikol,Welland,mwellandqq@storify.com,Male,31.182.47.150
964,Giulio,Tomczykiewicz,gtomczykiewiczqr@stumbleupon.com,Male,30.98.126.55
965,Martin,Loadsman,mloadsmanqs@chronoengine.com,Male,92.213.24.235
966,Ced,Kesey,ckeseyqt@loc.gov,Male,88.50.93.115
967,Marillin,MacDonogh,mmacdonoghqu@alibaba.com,Female,31.52.243.118
968,Crystie,Cowser,ccowserqv@photobucket.com,Female,176.134.233.110
969,Hillary,Fulep,hfulepqw@simplemachines.org,Male,131.45.81.196
970,Tiffi,Storrier,tstorrierqx@sourceforge.net,Female,33.125.60.248
971,Loren,Mathiot,lmathiotqy@mtv.com,Male,134.175.185.47
972,Pauli,McQuode,pmcquodeqz@multiply.com,Female,175.215.17.90
973,Maxi,Fenna,mfennar0@flickr.com,Female,218.130.202.244
974,Leonerd,Otton,lottonr1@ftc.gov,Male,118.93.120.48
975,Dolley,Gatehouse,dgatehouser2@bloomberg.com,Female,138.89.246.186
976,Casper,Goacher,cgoacherr3@google.de,Male,135.238.249.154
977,Fredericka,Menier,fmenierr4@geocities.jp,Female,74.8.14.92
978,Latashia,Lowis,llowisr5@4shared.com,Female,86.211.81.64
979,Sammy,Bonifazio,sbonifazior6@ameblo.jp,Female,233.97.239.203
980,Freddy,Orred,forredr7@moonfruit.com,Male,76.38.136.70
981,Cirillo,felip,cfelipr8@ifeng.com,Genderqueer,225.195.21.202
982,Bria,Kardos-Stowe,bkardosstower9@feedburner.com,Non-binary,230.92.181.194
983,Gwyn,Duffin,gduffinra@dropbox.com,Female,203.60.111.77
984,Teresina,Cay,tcayrb@engadget.com,Female,199.11.76.65
985,Dorine,Hackworth,dhackworthrc@discuz.net,Female,23.50.244.166
986,Idaline,Lieber,ilieberrd@seesaa.net,Female,22.14.164.136
987,Veronica,Tabourel,vtabourelre@plala.or.jp,Female,10.198.191.8
988,Palmer,Dovidaitis,pdovidaitisrf@guardian.co.uk,Male,2.237.107.120
989,Arman,Savary,asavaryrg@nsw.gov.au,Genderfluid,132.78.103.254
990,Giavani,Verman,gvermanrh@patch.com,Male,161.179.19.8
991,Flore,Garric,fgarricri@virginia.edu,Bigender,103.132.233.194
992,Broddie,Gepp,bgepprj@nhs.uk,Male,167.76.172.93
993,Jaimie,Ludee,jludeerk@ow.ly,Male,58.79.3.105
994,Bradly,Oboy,boboyrl@mashable.com,Male,85.16.207.243
995,Aviva,Soane,asoanerm@cocolog-nifty.com,Female,153.135.165.234
996,Auberon,Davidson,adavidsonrn@i2i.jp,Male,68.156.174.12
997,Neely,Chotty,nchottyro@cargocollective.com,Female,249.169.179.237
998,Hilly,Jonas,hjonasrp@webmd.com,Male,164.24.210.110
999,Parnell,Pheby,pphebyrq@chicagotribune.com,Agender,119.175.228.188
1000,Alvis,Sorrell,asorrellrr@shutterfly.com,Male,53.148.227.134
